Date,Predicted1,Predicted2,New1,New2
42522,44.21,,54.21,
42523,44.10555556,,54.10555556,
42524,44.00111111,,54.00111111,
42525,43.89666667,,53.89666667,
42526,43.79222222,,53.79222222,
42527,43.68777778,,53.68777778,
42528,43.58333333,,53.58333333,
42529,43.47888889,,53.47888889,
42530,43.37444444,,53.37444444,
42531,43.27,,53.27,
42532,43.16555556,,53.16555556,
42533,43.06111111,,53.06111111,
42534,42.95666667,,52.95666667,
42535,42.85222222,,52.85222222,
42536,42.74777778,,52.74777778,
42537,42.64333333,,52.64333333,
42538,42.53888889,,52.53888889,
42539,42.43444444,,52.43444444,
42540,42.33,,52.33,
42541,42.22555556,,52.22555556,
42542,42.12111111,,52.12111111,
42543,42.01666667,,52.01666667,
42544,41.91222222,,51.91222222,
42545,41.80777778,,51.80777778,
42546,41.70333333,,51.70333333,
42547,41.59888889,,51.59888889,
42548,41.49444444,,51.49444444,
42549,41.39,,51.39,
42550,42.435,,52.435,
42551,43.48,,53.48,
42552,42.81714286,,52.81714286,
42553,42.15428571,,52.15428571,
42554,41.49142857,,51.49142857,
42555,40.82857143,,50.82857143,
42556,40.16571429,,50.16571429,
42557,39.50285714,,49.50285714,
42558,38.84,,48.84,
42559,38.17714286,,48.17714286,
42560,37.51428571,,47.51428571,
42561,36.85142857,,46.85142857,
42562,36.18857143,,46.18857143,
42563,35.52571429,,45.52571429,
42564,34.86285714,,44.86285714,
42565,34.2,,44.2,
42566,37.86,,47.86,
42567,41.52,,51.52,
42568,41.716,,51.716,
42569,41.912,,51.912,
42570,42.108,,52.108,
42571,42.304,,52.304,
42572,42.5,,52.5,
42573,42.696,,52.696,
42574,42.892,,52.892,
42575,43.088,,53.088,
42576,43.284,,53.284,
42577,43.48,,53.48,
42578,43.676,,53.676,
42579,43.872,,53.872,
42580,44.068,,54.068,
42581,44.264,,54.264,
42582,44.46,,54.46,
42583,39.81,,49.81,
42584,42.82,,52.82,
42585,43.27285714,,53.27285714,
42586,43.72571429,,53.72571429,
42587,44.17857143,,54.17857143,
42588,44.63142857,,54.63142857,
42589,45.08428571,,55.08428571,
42590,45.53714286,,55.53714286,
42591,45.99,,55.99,
42592,36.98,,46.98,
42593,36.77,,46.77,
42594,36.56,,46.56,
42595,36.35,,46.35,
42596,36.14,,46.14,
42597,35.93,,45.93,
42598,35.72,,45.72,
42599,35.51,,45.51,
42600,35.3,,45.3,
42601,35.09,,45.09,
42602,34.88,,44.88,
42603,34.67,,44.67,
42604,36.79,,46.79,
42605,38.18142857,,48.18142857,
42606,39.57285714,,49.57285714,
42607,40.96428571,,50.96428571,
42608,42.35571429,,52.35571429,
42609,43.74714286,,53.74714286,
42610,45.13857143,,55.13857143,
42611,46.53,,56.53,
42612,45.96318182,,55.96318182,
42613,45.39636364,,55.39636364,
42614,44.82954545,,54.82954545,
42615,44.26272727,,54.26272727,
42616,43.69590909,,53.69590909,
42617,43.12909091,,53.12909091,
42618,42.56227273,,52.56227273,
42619,41.99545455,,51.99545455,
42620,41.42863636,,51.42863636,
42621,40.86181818,,50.86181818,
42622,40.295,,50.295,
42623,39.72818182,,49.72818182,
42624,39.16136364,,49.16136364,
42625,38.59454545,,48.59454545,
42626,38.02772727,,48.02772727,
42627,37.46090909,,47.46090909,
42628,36.89409091,,46.89409091,
42629,36.32727273,,46.32727273,
42630,35.76045455,,45.76045455,
42631,35.19363636,,45.19363636,
42632,34.62681818,,44.62681818,
42633,34.06,,44.06,
42634,39.24,,49.24,
42635,39.18,,49.18,
42636,39.12,,49.12,
42637,39.06,,49.06,
42638,39,,49,
42639,38.94,,48.94,
42640,38.88,,48.88,
42641,38.82,,48.82,
42642,38.76,,48.76,
42643,38.7,,48.7,
42644,38.64,,48.64,
42645,38.58,,48.58,
42646,38.52,,48.52,
42647,38.46,,48.46,
42648,38.4,,48.4,
42649,38.34,,48.34,
42650,38.28,,48.28,
42651,38.22,,48.22,
42652,38.16,,48.16,
42653,37.3375,,47.3375,
42654,36.515,,46.515,
42655,35.6925,,45.6925,
42656,34.87,,44.87,
42657,33.87,,43.87,
42658,32.87,,42.87,
42659,31.87,,41.87,
42660,33.62,,43.62,
42661,35.37,,45.37,
42662,34.59076923,,44.59076923,
42663,33.81153846,,43.81153846,
42664,33.03230769,,43.03230769,
42665,32.25307692,,42.25307692,
42666,31.47384615,,41.47384615,
42667,30.69461538,,40.69461538,
42668,29.91538462,,39.91538462,
42669,29.13615385,,39.13615385,
42670,28.35692308,,38.35692308,
42671,27.57769231,,37.57769231,
42672,26.79846154,,36.79846154,
42673,26.01923077,,36.01923077,
42674,25.24,,35.24,
42675,25.79142857,,35.79142857,
42676,26.34285714,,36.34285714,
42677,26.89428571,,36.89428571,
42678,27.44571429,,37.44571429,
42679,27.99714286,,37.99714286,
42680,28.54857143,,38.54857143,
42681,29.1,,39.1,
42682,28.92571429,,38.92571429,
42683,28.75142857,,38.75142857,
42684,28.57714286,,38.57714286,
42685,28.40285714,,38.40285714,
42686,28.22857143,,38.22857143,
42687,28.05428571,,38.05428571,
42688,27.88,,37.88,
42689,27.84,,37.84,
42690,27.8,,37.8,
42691,27.76,,37.76,
42692,27.72,,37.72,
42693,27.68,,37.68,
42694,27.64,,37.64,
42695,27.6,,37.6,
42696,27.74882353,,37.74882353,
42697,27.89764706,,37.89764706,
42698,28.04647059,,38.04647059,
42699,28.19529412,,38.19529412,
42700,28.34411765,,38.34411765,
42701,28.49294118,,38.49294118,
42702,28.64176471,,38.64176471,
42703,28.79058824,,38.79058824,
42704,28.93941176,,38.93941176,
42705,29.08823529,,39.08823529,
42706,29.23705882,,39.23705882,
42707,29.38588235,,39.38588235,
42708,29.53470588,,39.53470588,
42709,29.68352941,,39.68352941,
42710,29.83235294,,39.83235294,
42711,29.98117647,,39.98117647,
42712,30.13,,40.13,
42713,28.345,,38.345,
42714,26.56,,36.56,
42715,24.775,,34.775,
42716,22.99,,32.99,
42717,22.57875,,32.57875,
42718,22.1675,,32.1675,
42719,21.75625,,31.75625,
42720,21.345,,31.345,
42721,20.93375,,30.93375,
42722,20.5225,,30.5225,
42723,20.11125,,30.11125,
42724,19.7,,29.7,
42725,21.285,,31.285,
42726,22.87,,32.87,
42727,22.87464286,,32.87464286,
42728,22.87928571,,32.87928571,
42729,22.88392857,,32.88392857,
42730,22.88857143,,32.88857143,
42731,22.89321429,,32.89321429,
42732,22.89785714,,32.89785714,
42733,22.9025,,32.9025,
42734,22.90714286,,32.90714286,
42735,22.91178571,,32.91178571,
42736,22.91642857,,32.91642857,
42737,22.92107143,,32.92107143,
42738,22.92571429,,32.92571429,
42739,22.93035714,,32.93035714,
42740,22.935,,32.935,
42741,22.93964286,,32.93964286,
42742,22.94428571,,32.94428571,
42743,22.94892857,,32.94892857,
42744,22.95357143,,32.95357143,
42745,22.95821429,,32.95821429,
42746,22.96285714,,32.96285714,
42747,22.9675,,32.9675,
42748,22.97214286,,32.97214286,
42749,22.97678571,,32.97678571,
42750,22.98142857,,32.98142857,
42751,22.98607143,,32.98607143,
42752,22.99071429,,32.99071429,
42753,22.99535714,,32.99535714,
42754,23,,33,
42755,22.33333333,,32.33333333,
42756,21.66666667,,31.66666667,
42757,21,,31,
42758,20.33333333,,30.33333333,
42759,19.66666667,,29.66666667,
42760,19,,29,
42761,19.5,,29.5,
42762,20,,30,
42763,20.5,,30.5,
42764,21,,31,
42765,21.5,,31.5,
42766,22,,32,
42767,23,,33,
42768,24,,34,
42769,24.09090909,,34.09090909,
42770,24.18181818,,34.18181818,
42771,24.27272727,,34.27272727,
42772,24.36363636,,34.36363636,
42773,24.45454545,,34.45454545,
42774,24.54545455,,34.54545455,
42775,24.63636364,,34.63636364,
42776,24.72727273,,34.72727273,
42777,24.81818182,,34.81818182,
42778,24.90909091,,34.90909091,
42779,25,,35,
42780,24.470625,,34.470625,
42781,23.94125,,33.94125,
42782,23.411875,,33.411875,
42783,22.8825,,32.8825,
42784,22.353125,,32.353125,
42785,21.82375,,31.82375,
42786,21.294375,,31.294375,
42787,20.765,,30.765,
42788,20.235625,,30.235625,
42789,19.70625,,29.70625,
42790,19.176875,,29.176875,
42791,18.6475,,28.6475,
42792,18.118125,,28.118125,
42793,17.58875,,27.58875,
42794,17.059375,,27.059375,
42795,16.53,,26.53,
42796,20,,30,
42797,21.14285714,,31.14285714,
42798,22.28571429,,32.28571429,
42799,23.42857143,,33.42857143,
42800,24.57142857,,34.57142857,
42801,25.71428571,,35.71428571,
42802,26.85714286,,36.85714286,
42803,28,,38,
42804,28.42857143,,38.42857143,
42805,28.85714286,,38.85714286,
42806,29.28571429,,39.28571429,
42807,29.71428571,,39.71428571,
42808,30.14285714,,40.14285714,
42809,30.57142857,,40.57142857,
42810,31,,41,
42811,30.14285714,,40.14285714,
42812,29.28571429,,39.28571429,
42813,28.42857143,,38.42857143,
42814,27.57142857,,37.57142857,
42815,26.71428571,,36.71428571,
42816,25.85714286,,35.85714286,
42817,25,,35,
42818,26.28571429,,36.28571429,
42819,27.57142857,,37.57142857,
42820,28.85714286,,38.85714286,
42821,30.14285714,,40.14285714,
42822,31.42857143,,41.42857143,
42823,32.71428571,,42.71428571,
42824,34,,44,
42825,33,,43,
42826,32,,42,
42827,31,,41,
42828,30,,40,
42829,29,,39,
42830,28,,38,
42831,27,,37,
42832,29.14285714,,39.14285714,
42833,31.28571429,,41.28571429,
42834,33.42857143,,43.42857143,
42835,35.57142857,,45.57142857,
42836,37.71428571,,47.71428571,
42837,39.85714286,,49.85714286,
42838,42,,52,
42839,41,,51,
42840,40,,50,
42841,39,,49,
42842,38,,48,
42843,37,,47,
42844,36,,46,
42845,35,,45,
42846,35.21428571,,45.21428571,
42847,35.42857143,,45.42857143,
42848,35.64285714,,45.64285714,
42849,35.85714286,,45.85714286,
42850,36.07142857,,46.07142857,
42851,36.28571429,,46.28571429,
42852,36.5,,46.5,
42853,36.71428571,,46.71428571,
42854,36.92857143,,46.92857143,
42855,37.14285714,,47.14285714,
42856,37.35714286,,47.35714286,
42857,37.57142857,,47.57142857,
42858,37.78571429,,47.78571429,
42859,38,,48,
42860,38.21428571,,48.21428571,
42861,38.42857143,,48.42857143,
42862,38.64285714,,48.64285714,
42863,38.85714286,,48.85714286,
42864,39.07142857,,49.07142857,
42865,39.28571429,,49.28571429,
42866,39.5,,49.5,
42867,39.71428571,,49.71428571,
42868,39.92857143,,49.92857143,
42869,40.14285714,,50.14285714,
42870,40.35714286,,50.35714286,
42871,40.57142857,,50.57142857,
42872,40.78571429,,50.78571429,
42873,41,,51,
42874,41.42857143,,51.42857143,
42875,41.85714286,,51.85714286,
42876,42.28571429,,52.28571429,
42877,42.71428571,,52.71428571,
42878,43.14285714,,53.14285714,
42879,43.57142857,,53.57142857,
42880,44,,54,
42881,43,,53,
42882,42,,52,
42883,41,,51,
42884,40,,50,
42885,39,,49,
42886,38,,48,
42887,37,,47,
42888,37.14285714,,47.14285714,
42889,37.28571429,,47.28571429,
42890,37.42857143,,47.42857143,
42891,37.57142857,,47.57142857,
42892,37.71428571,,47.71428571,
42893,37.85714286,,47.85714286,
42894,38,,48,
42895,38.14285714,,48.14285714,
42896,38.28571429,,48.28571429,
42897,38.42857143,,48.42857143,
42898,38.57142857,,48.57142857,
42899,38.71428571,,48.71428571,
42900,38.85714286,,48.85714286,
42901,39,,49,
42902,39.05555556,,49.05555556,
42903,39.11111111,,49.11111111,
42904,39.16666667,,49.16666667,
42905,39.22222222,,49.22222222,
42906,39.27777778,,49.27777778,
42907,39.33333333,,49.33333333,
42908,39.38888889,,49.38888889,
42909,39.44444444,,49.44444444,
42910,39.5,,49.5,
42911,39.55555556,,49.55555556,
42912,39.61111111,,49.61111111,
42913,39.66666667,,49.66666667,
42914,39.72222222,,49.72222222,
42915,39.77777778,,49.77777778,
42916,39.83333333,,49.83333333,
42917,39.88888889,,49.88888889,
42918,39.94444444,,49.94444444,
42919,40,,50,
42920,40.42857143,,50.42857143,
42921,40.85714286,,50.85714286,
42922,41.28571429,,51.28571429,
42923,41.71428571,,51.71428571,
42924,42.14285714,,52.14285714,
42925,42.57142857,,52.57142857,
42926,43,,53,
42927,43.14285714,,53.14285714,
42928,43.28571429,,53.28571429,
42929,43.42857143,,53.42857143,
42930,43.57142857,,53.57142857,
42931,43.71428571,,53.71428571,
42932,43.85714286,,53.85714286,
42933,44,,54,
42934,43.28571429,,53.28571429,
42935,42.57142857,,52.57142857,
42936,41.85714286,,51.85714286,
42937,41.14285714,,51.14285714,
42938,40.42857143,,50.42857143,
42939,39.71428571,,49.71428571,
42940,39,,49,
42941,39.42857143,,49.42857143,
42942,39.85714286,,49.85714286,
42943,40.28571429,,50.28571429,
42944,40.71428571,,50.71428571,
42945,41.14285714,,51.14285714,
42946,41.57142857,,51.57142857,
42947,42,,52,
42948,41.71428571,,51.71428571,
42949,41.42857143,,51.42857143,
42950,41.14285714,,51.14285714,
42951,40.85714286,,50.85714286,
42952,40.57142857,,50.57142857,
42953,40.28571429,,50.28571429,
42954,40,,50,
42955,40.14285714,,50.14285714,
42956,40.28571429,,50.28571429,
42957,40.42857143,,50.42857143,
42958,40.57142857,,50.57142857,
42959,40.71428571,,50.71428571,
42960,40.85714286,,50.85714286,
42961,41,,51,
42962,40.42857143,,50.42857143,
42963,39.85714286,,49.85714286,
42964,39.28571429,,49.28571429,
42965,38.71428571,,48.71428571,
42966,38.14285714,,48.14285714,
42967,37.57142857,,47.57142857,
42968,37,,47,
42969,36.85714286,,46.85714286,
42970,36.71428571,,46.71428571,
42971,36.57142857,,46.57142857,
42972,36.42857143,,46.42857143,
42973,36.28571429,,46.28571429,
42974,36.14285714,,46.14285714,
42975,36,,46,
42976,35.28571429,,45.28571429,
42977,34.57142857,,44.57142857,
42978,33.85714286,,43.85714286,
42979,33.14285714,,43.14285714,
42980,32.42857143,,42.42857143,
42981,31.71428571,,41.71428571,
42982,31,,41,
42983,31.42857143,,41.42857143,
42984,31.85714286,,41.85714286,
42985,32.28571429,,42.28571429,
42986,32.71428571,,42.71428571,
42987,33.14285714,,43.14285714,
42988,33.57142857,,43.57142857,
42989,34,,44,
42990,33.85714286,,43.85714286,
42991,33.71428571,,43.71428571,
42992,33.57142857,,43.57142857,
42993,33.42857143,,43.42857143,
42994,33.28571429,,43.28571429,
42995,33.14285714,,43.14285714,
42996,33,,43,
42997,33.57142857,,43.57142857,
42998,34.14285714,,44.14285714,
42999,34.71428571,,44.71428571,
43000,35.28571429,,45.28571429,
43001,35.85714286,,45.85714286,
43002,36.42857143,,46.42857143,
43003,37,,47,
43004,36.85714286,,46.85714286,
43005,36.71428571,,46.71428571,
43006,36.57142857,,46.57142857,
43007,36.42857143,,46.42857143,
43008,36.28571429,,46.28571429,
43009,36.14285714,,46.14285714,
43010,36,,46,
43011,35.28571429,,45.28571429,
43012,34.57142857,,44.57142857,
43013,33.85714286,,43.85714286,
43014,33.14285714,,43.14285714,
43015,32.42857143,,42.42857143,
43016,31.71428571,,41.71428571,
43017,31,,41,
43018,36,,46,
43019,35.46153846,,45.46153846,
43020,34.92307692,,44.92307692,
43021,34.38461538,,44.38461538,
43022,33.84615385,,43.84615385,
43023,33.30769231,,43.30769231,
43024,32.76923077,,42.76923077,
43025,32.23076923,,42.23076923,
43026,31.69230769,,41.69230769,
43027,31.15384615,,41.15384615,
43028,30.61538462,,40.61538462,
43029,30.07692308,,40.07692308,
43030,29.53846154,,39.53846154,
43031,29,,39,
43032,29.14285714,,39.14285714,
43033,29.28571429,,39.28571429,
43034,29.42857143,,39.42857143,
43035,29.57142857,,39.57142857,
43036,29.71428571,,39.71428571,
43037,29.85714286,,39.85714286,
43038,30,,40,
43039,29.7,,39.7,
43040,29.4,,39.4,
43041,29.1,,39.1,
43042,28.8,,38.8,
43043,28.5,,38.5,
43044,28.2,,38.2,
43045,27.9,,37.9,
43046,27.6,,37.6,
43047,27.3,,37.3,
43048,27,,37,
43049,26.71428571,,36.71428571,
43050,26.42857143,,36.42857143,
43051,26.14285714,,36.14285714,
43052,25.85714286,,35.85714286,
43053,25.57142857,,35.57142857,
43054,25.28571429,,35.28571429,
43055,25,,35,
43056,25.85714286,,35.85714286,
43057,26.71428571,,36.71428571,
43058,27.57142857,,37.57142857,
43059,28.42857143,,38.42857143,
43060,29.28571429,,39.28571429,
43061,30.14285714,,40.14285714,
43062,31,,41,
43063,30.09090909,,40.09090909,
43064,29.18181818,,39.18181818,
43065,28.27272727,,38.27272727,
43066,27.36363636,,37.36363636,
43067,26.45454545,,36.45454545,
43068,25.54545455,,35.54545455,
43069,24.63636364,,34.63636364,
43070,23.72727273,,33.72727273,
43071,22.81818182,,32.81818182,
43072,21.90909091,,31.90909091,
43073,21,,31,
43074,21.3,,31.3,
43075,21.6,,31.6,
43076,21.9,,31.9,
43077,22.2,,32.2,
43078,22.5,,32.5,
43079,22.8,,32.8,
43080,23.1,,33.1,
43081,23.4,,33.4,
43082,23.7,,33.7,
43083,24,,34,
43084,23.71428571,,33.71428571,
43085,23.42857143,,33.42857143,
43086,23.14285714,,33.14285714,
43087,22.85714286,,32.85714286,
43088,22.57142857,,32.57142857,
43089,22.28571429,,32.28571429,
43090,22,,32,
43091,22.07142857,,32.07142857,
43092,22.14285714,,32.14285714,
43093,22.21428571,,32.21428571,
43094,22.28571429,,32.28571429,
43095,22.35714286,,32.35714286,
43096,22.42857143,,32.42857143,
43097,22.5,,32.5,
43098,22.57142857,,32.57142857,
43099,22.64285714,,32.64285714,
43100,22.71428571,,32.71428571,
43101,22.78571429,,32.78571429,
43102,22.85714286,,32.85714286,
43103,22.92857143,,32.92857143,
43104,23,,33,
43105,23.14285714,,33.14285714,
43106,23.28571429,,33.28571429,
43107,23.42857143,,33.42857143,
43108,23.57142857,,33.57142857,
43109,23.71428571,,33.71428571,
43110,23.85714286,,33.85714286,
43111,24,,34,
43112,23.14285714,,33.14285714,
43113,22.28571429,,32.28571429,
43114,21.42857143,,31.42857143,
43115,20.57142857,,30.57142857,
43116,19.71428571,,29.71428571,
43117,18.85714286,,28.85714286,
43118,18,,28,
43119,17.71428571,,27.71428571,
43120,17.42857143,,27.42857143,
43121,17.14285714,,27.14285714,
43122,16.85714286,,26.85714286,
43123,16.57142857,,26.57142857,
43124,16.28571429,,26.28571429,
43125,16,,26,
43126,16.36363636,,26.36363636,
43127,16.72727273,,26.72727273,
43128,17.09090909,,27.09090909,
43129,17.45454545,,27.45454545,
43130,17.81818182,,27.81818182,
43131,18.18181818,,28.18181818,
43132,18.54545455,,28.54545455,
43133,18.90909091,,28.90909091,
43134,19.27272727,,29.27272727,
43135,19.63636364,,29.63636364,
43136,20,,30,
43137,19.42857143,,29.42857143,
43138,18.85714286,,28.85714286,
43139,18.28571429,,28.28571429,
43140,17.71428571,,27.71428571,
43141,17.14285714,,27.14285714,
43142,16.57142857,,26.57142857,
43143,16,,26,
43144,17.85714286,,27.85714286,
43145,19.71428571,,29.71428571,
43146,21.57142857,,31.57142857,
43147,23.42857143,,33.42857143,
43148,25.28571429,,35.28571429,
43149,27.14285714,,37.14285714,
43150,29,,39,
43151,27.85714286,,37.85714286,
43152,26.71428571,,36.71428571,
43153,25.57142857,,35.57142857,
43154,24.42857143,,34.42857143,
43155,23.28571429,,33.28571429,
43156,22.14285714,,32.14285714,
43157,21,,31,
43158,21.57142857,,31.57142857,
43159,22.14285714,,32.14285714,
43160,22.71428571,,32.71428571,
43161,23.28571429,,33.28571429,
43162,23.85714286,,33.85714286,
43163,24.42857143,,34.42857143,
43164,25,,35,
43165,25.57142857,,35.57142857,
43166,26.14285714,,36.14285714,
43167,26.71428571,,36.71428571,
43168,27.28571429,,37.28571429,
43169,27.85714286,,37.85714286,
43170,28.42857143,,38.42857143,
43171,29,,39,
43172,28.85714286,,38.85714286,
43173,28.71428571,,38.71428571,
43174,28.57142857,,38.57142857,
43175,28.42857143,,38.42857143,
43176,28.28571429,,38.28571429,
43177,28.14285714,,38.14285714,
43178,28,,38,
43179,28.14285714,,38.14285714,
43180,28.28571429,,38.28571429,
43181,28.42857143,,38.42857143,
43182,28.57142857,,38.57142857,
43183,28.71428571,,38.71428571,
43184,28.85714286,,38.85714286,
43185,29,,39,
43186,29.7,,39.7,
43187,30.4,,40.4,
43188,31.1,,41.1,
43189,31.8,,41.8,
43190,32.5,,42.5,
43191,33.2,,43.2,
43192,33.9,,43.9,
43193,34.6,,44.6,
43194,35.3,,45.3,
43195,36,,46,
43196,36.42857143,,46.42857143,
43197,36.85714286,,46.85714286,
43198,37.28571429,,47.28571429,
43199,37.71428571,,47.71428571,
43200,38.14285714,,48.14285714,
43201,38.57142857,,48.57142857,
43202,39,,49,
43203,39,,49,
43204,39,,49,
43205,39,,49,
43206,39,,49,
43207,39,,49,
43208,39,,49,
43209,39,,49,
43210,39,,49,
43211,39,,49,
43212,39,,49,
43213,39,,49,
43214,39,,49,
43215,39,,49,
43216,39,,49,
43217,39,,49,
43218,39,,49,
43219,39,,49,
43220,39,,49,
43221,39,,49,
43222,39,,49,
43223,39,,49,
43224,39,,49,
43225,39,,49,
43226,39,,49,
43227,39,,49,
43228,39,,49,
43229,39,,49,
43230,39,,49,
43231,39,,49,
43232,39,,49,
43233,39,,49,
43234,39,,49,
43235,39,,49,
43236,39,,49,
43237,39,,49,
43238,39,,49,
43239,39,,49,
43240,39,,49,
43241,39,,49,
43242,39,,49,
43243,39,,49,
43244,39,,49,
43245,39,,49,
43246,39,,49,
43247,39,,49,
43248,39,,49,
43249,39,,49,
43250,39,,49,
43251,39,,49,
43252,39,,49,
43253,39,,49,
43254,39,,49,
43255,39,,49,
43256,39,,49,
43257,39,,49,
43258,39,,49,
43259,39,,49,
43260,39,,49,
43261,39,,49,
43262,39,,49,
43263,39,,49,
43264,39,,49,
43265,39,,49,
43266,39,,49,
43267,39,,49,
43268,39,,49,
43269,39,,49,
43270,39,,49,
43271,39,,49,
43272,39,,49,
43273,39,,49,
43274,39,,49,
43275,39,,49,
43276,39,,49,
43277,39,,49,
43278,39,,49,
43279,39,,49,
43280,39,,49,
43281,39,,49,
43282,39,,49,
43283,39,,49,
43284,39,,49,
43285,39,,49,
43286,39,,49,
43287,39,,49,
43288,39,,49,
43289,39,,49,
43290,39,,49,
43291,39,,49,
43292,39,,49,
43293,39,,49,
43294,39,,49,
43295,39,,49,
43296,39,,49,
43297,39,,49,
43298,39,,49,
43299,39,,49,
43300,39,,49,
43301,39.07142857,,49.07142857,
43302,39.14285714,,49.14285714,
43303,39.21428571,,49.21428571,
43304,39.28571429,,49.28571429,
43305,39.35714286,,49.35714286,
43306,39.42857143,,49.42857143,
43307,39.5,,49.5,
43308,39.57142857,,49.57142857,
43309,39.64285714,,49.64285714,
43310,39.71428571,,49.71428571,
43311,39.78571429,,49.78571429,
43312,39.85714286,,49.85714286,
43313,39.92857143,,49.92857143,
43314,40,,50,
43315,39.87179487,,49.87179487,
43316,39.74358974,,49.74358974,
43317,39.61538462,,49.61538462,
43318,39.48717949,,49.48717949,
43319,39.35897436,,49.35897436,
43320,39.23076923,,49.23076923,
43321,39.1025641,,49.1025641,
43322,38.97435897,,48.97435897,
43323,38.84615385,,48.84615385,
43324,38.71794872,,48.71794872,
43325,38.58974359,,48.58974359,
43326,38.46153846,,48.46153846,
43327,38.33333333,,48.33333333,
43328,38.20512821,,48.20512821,
43329,38.07692308,,48.07692308,
43330,37.94871795,,47.94871795,
43331,37.82051282,,47.82051282,
43332,37.69230769,,47.69230769,
43333,37.56410256,,47.56410256,
43334,37.43589744,,47.43589744,
43335,37.30769231,,47.30769231,
43336,37.17948718,,47.17948718,
43337,37.05128205,,47.05128205,
43338,36.92307692,,46.92307692,
43339,36.79487179,,46.79487179,
43340,36.66666667,,46.66666667,
43341,36.53846154,,46.53846154,
43342,36.41025641,,46.41025641,
43343,36.28205128,,46.28205128,
43344,36.15384615,,46.15384615,
43345,36.02564103,,46.02564103,
43346,35.8974359,,45.8974359,
43347,35.76923077,,45.76923077,
43348,35.64102564,,45.64102564,
43349,35.51282051,,45.51282051,
43350,35.38461538,,45.38461538,
43351,35.25641026,,45.25641026,
43352,35.12820513,,45.12820513,
43353,35,,45,
43354,34.83333333,,44.83333333,
43355,34.66666667,,44.66666667,
43356,34.5,,44.5,
43357,34.33333333,,44.33333333,
43358,34.16666667,,44.16666667,
43359,34,,44,
43360,33.83333333,,43.83333333,
43361,33.66666667,,43.66666667,
43362,33.5,,43.5,
43363,33.33333333,,43.33333333,
43364,33.16666667,,43.16666667,
43365,33,,43,
43366,32.83333333,,42.83333333,
43367,32.66666667,,42.66666667,
43368,32.5,,42.5,
43369,32.33333333,,42.33333333,
43370,32.16666667,,42.16666667,
43371,32,,42,
43372,31.83333333,,41.83333333,
43373,31.66666667,,41.66666667,
43374,31.5,,41.5,
43375,31.33333333,,41.33333333,
43376,31.16666667,,41.16666667,
43377,31,,41,
43378,30.85714286,,40.85714286,
43379,30.71428571,,40.71428571,
43380,30.57142857,,40.57142857,
43381,30.42857143,,40.42857143,
43382,30.28571429,,40.28571429,
43383,30.14285714,,40.14285714,
43384,30,,40,
43385,29.85714286,,39.85714286,
43386,29.71428571,,39.71428571,
43387,29.57142857,,39.57142857,
43388,29.42857143,,39.42857143,
43389,29.28571429,,39.28571429,
43390,29.14285714,,39.14285714,
43391,29,,39,
43392,28.85714286,,38.85714286,
43393,28.71428571,,38.71428571,
43394,28.57142857,,38.57142857,
43395,28.42857143,,38.42857143,
43396,28.28571429,,38.28571429,
43397,28.14285714,,38.14285714,
43398,28,,38,
43399,27.85714286,,37.85714286,
43400,27.71428571,,37.71428571,
43401,27.57142857,,37.57142857,
43402,27.42857143,,37.42857143,
43403,27.28571429,,37.28571429,
43404,27.14285714,,37.14285714,
43405,27,,37,
43406,27.1025641,,37.1025641,
43407,27.20512821,,37.20512821,
43408,27.30769231,,37.30769231,
43409,27.41025641,,37.41025641,
43410,27.51282051,,37.51282051,
43411,27.61538462,,37.61538462,
43412,27.71794872,,37.71794872,
43413,27.82051282,,37.82051282,
43414,27.92307692,,37.92307692,
43415,28.02564103,,38.02564103,
43416,28.12820513,,38.12820513,
43417,28.23076923,,38.23076923,
43418,28.33333333,,38.33333333,
43419,28.43589744,,38.43589744,
43420,28.53846154,28.53846154,38.53846154,38.53846154
43421,,28.64102564,,38.64102564
43422,,28.74358974,,38.74358974
43423,,28.84615385,,38.84615385
43424,,28.94871795,,38.94871795
43425,,29.05128205,,39.05128205
43426,,29.15384615,,39.15384615
43427,,29.25641026,,39.25641026
43428,,29.35897436,,39.35897436
43429,,29.46153846,,39.46153846
43430,,29.56410256,,39.56410256
43431,,29.66666667,,39.66666667
43432,,29.76923077,,39.76923077
43433,,29.87179487,,39.87179487
43434,,29.97435897,,39.97435897
43435,,30.07692308,,40.07692308
43436,,30.17948718,,40.17948718
43437,,30.28205128,,40.28205128
43438,,30.38461538,,40.38461538
43439,,30.48717949,,40.48717949
43440,,30.58974359,,40.58974359
43441,,30.69230769,,40.69230769
43442,,30.79487179,,40.79487179
43443,,30.8974359,,40.8974359
43444,,31,,41
43445,,30.5,,40.5
43446,,30,,40
43447,,29.5,,39.5
43448,,29,,39
43449,,28.5,,38.5
43450,,28,,38
43451,,27.5,,37.5
43452,,27,,37
43453,,26.5,,36.5
43454,,26,,36
43455,,25.5,,35.5
43456,,25,,35
43457,,24.5,,34.5
43458,,24,,34
43459,,23.5,,33.5
43460,,23,,33
43461,,22.5,,32.5
43462,,22,,32
43463,,21.5,,31.5
43464,,21,,31
43465,,20.5,,30.5
43466,,20,,30
43467,,19.5,,29.5
43468,,19,,29
43469,,19.08695652,,29.08695652
43470,,19.17391304,,29.17391304
43471,,19.26086957,,29.26086957
43472,,19.34782609,,29.34782609
43473,,19.43478261,,29.43478261
43474,,19.52173913,,29.52173913
43475,,19.60869565,,29.60869565
43476,,19.69565217,,29.69565217
43477,,19.7826087,,29.7826087
43478,,19.86956522,,29.86956522
43479,,19.95652174,,29.95652174
43480,,20.04347826,,30.04347826
43481,,20.13043478,,30.13043478
43482,,20.2173913,,30.2173913
43483,,20.30434783,,30.30434783
43484,,20.39130435,,30.39130435
43485,,20.47826087,,30.47826087
43486,,20.56521739,,30.56521739
43487,,20.65217391,,30.65217391
43488,,20.73913043,,30.73913043
43489,,20.82608696,,30.82608696
43490,,20.91304348,,30.91304348
43491,,21,,31
43492,,21.08695652,,31.08695652
43493,,21.17391304,,31.17391304
43494,,21.26086957,,31.26086957
43495,,21.34782609,,31.34782609
43496,,21.43478261,,31.43478261
43497,,21.52173913,,31.52173913
43498,,21.60869565,,31.60869565
43499,,21.69565217,,31.69565217
43500,,21.7826087,,31.7826087
43501,,21.86956522,,31.86956522
43502,,21.95652174,,31.95652174
43503,,22.04347826,,32.04347826
43504,,22.13043478,,32.13043478
43505,,22.2173913,,32.2173913
43506,,22.30434783,,32.30434783
43507,,22.39130435,,32.39130435
43508,,22.47826087,,32.47826087
43509,,22.56521739,,32.56521739
43510,,22.65217391,,32.65217391
43511,,22.73913043,,32.73913043
43512,,22.82608696,,32.82608696
43513,,22.91304348,,32.91304348
43514,,23,,33
43515,,23,,33
43516,,23,,33
43517,,23,,33
43518,,23,,33
43519,,23,,33
43520,,23,,33
43521,,23,,33
43522,,23,,33
43523,,23,,33
43524,,23,,33
43525,,23,,33
43526,,23,,33
43527,,23,,33
43528,,23,,33
43529,,23.39285714,,33.39285714
43530,,23.78571429,,33.78571429
43531,,24.17857143,,34.17857143
43532,,24.57142857,,34.57142857
43533,,24.96428571,,34.96428571
43534,,25.35714286,,35.35714286
43535,,25.75,,35.75
43536,,26.14285714,,36.14285714
43537,,26.53571429,,36.53571429
43538,,26.92857143,,36.92857143
43539,,27.32142857,,37.32142857
43540,,27.71428571,,37.71428571
43541,,28.10714286,,38.10714286
43542,,28.5,,38.5
43543,,28.89285714,,38.89285714
43544,,29.28571429,,39.28571429
43545,,29.67857143,,39.67857143
43546,,30.07142857,,40.07142857
43547,,30.46428571,,40.46428571
43548,,30.85714286,,40.85714286
43549,,31.25,,41.25
43550,,31.64285714,,41.64285714
43551,,32.03571429,,42.03571429
43552,,32.42857143,,42.42857143
43553,,32.82142857,,42.82142857
43554,,33.21428571,,43.21428571
43555,,33.60714286,,43.60714286
43556,,34,,44
43557,,34.07894737,,44.07894737
43558,,34.15789474,,44.15789474
43559,,34.23684211,,44.23684211
43560,,34.31578947,,44.31578947
43561,,34.39473684,,44.39473684
43562,,34.47368421,,44.47368421
43563,,34.55263158,,44.55263158
43564,,34.63157895,,44.63157895
43565,,34.71052632,,44.71052632
43566,,34.78947368,,44.78947368
43567,,34.86842105,,44.86842105
43568,,34.94736842,,44.94736842
43569,,35.02631579,,45.02631579
43570,,35.10526316,,45.10526316
43571,,35.18421053,,45.18421053
43572,,35.26315789,,45.26315789
43573,,35.34210526,,45.34210526
43574,,35.42105263,,45.42105263
43575,,35.5,,45.5
43576,,35.57894737,,45.57894737
43577,,35.65789474,,45.65789474
43578,,35.73684211,,45.73684211
43579,,35.81578947,,45.81578947
43580,,35.89473684,,45.89473684
43581,,35.97368421,,45.97368421
43582,,36.05263158,,46.05263158
43583,,36.13157895,,46.13157895
43584,,36.21052632,,46.21052632
43585,,36.28947368,,46.28947368
43586,,36.36842105,,46.36842105
43587,,36.44736842,,46.44736842
43588,,36.52631579,,46.52631579
43589,,36.60526316,,46.60526316
43590,,36.68421053,,46.68421053
43591,,36.76315789,,46.76315789
43592,,36.84210526,,46.84210526
43593,,36.92105263,,46.92105263
43594,,37,,47
43595,,36.9375,,46.9375
43596,,36.875,,46.875
43597,,36.8125,,46.8125
43598,,36.75,,46.75
43599,,36.6875,,46.6875
43600,,36.625,,46.625
43601,,36.5625,,46.5625
43602,,36.5,,46.5
43603,,36.4375,,46.4375
43604,,36.375,,46.375
43605,,36.3125,,46.3125
43606,,36.25,,46.25
43607,,36.1875,,46.1875
43608,,36.125,,46.125
43609,,36.0625,,46.0625
43610,,36,,46
43611,,35.9375,,45.9375
43612,,35.875,,45.875
43613,,35.8125,,45.8125
43614,,35.75,,45.75
43615,,35.6875,,45.6875
43616,,35.625,,45.625
43617,,35.5625,,45.5625
43618,,35.5,,45.5
43619,,35.4375,,45.4375
43620,,35.375,,45.375
43621,,35.3125,,45.3125
43622,,35.25,,45.25
43623,,35.1875,,45.1875
43624,,35.125,,45.125
43625,,35.0625,,45.0625
43626,,35,,45
43627,,42.75957278,,52.75957278
43628,,42.71450677,,52.71450677
43629,,42.67049787,,52.67049787
43630,,42.62814723,,52.62814723
43631,,42.5871456,,52.5871456
43632,,42.51817345,,52.51817345
43633,,42.45019764,,52.45019764
43634,,42.38313018,,52.38313018
43635,,42.31691306,,52.31691306
43636,,42.25150647,,52.25150647
43637,,42.18688199,,52.18688199
43638,,42.12484132,,52.12484132
43639,,42.06536755,,52.06536755
43640,,42.0070033,,52.0070033
43641,,41.94973624,,51.94973624
43642,,41.89355518,,51.89355518
43643,,41.8384497,,51.8384497
43644,,41.78440992,,51.78440992
43645,,42.11457447,,52.11457447
43646,,42.44578598,,52.44578598
43647,,42.20874973,,52.20874973
43648,,41.97274263,,51.97274263
43649,,41.73775603,,51.73775603
43650,,41.62812007,,51.62812007
43651,,41.51948778,,51.51948778
43652,,41.41131489,,51.41131489
43653,,41.30359334,,51.30359334
43654,,41.19631514,,51.19631514
43655,,41.08947247,,51.08947247
43656,,40.9830576,,50.9830576
43657,,40.78182484,,50.78182484
43658,,40.58100479,,50.58100479
43659,,40.38059007,,50.38059007
43660,,40.18057344,,50.18057344
43661,,41.4219001,,51.4219001
43662,,42.66361064,,52.66361064
43663,,42.75103146,,52.75103146
43664,,42.55310809,,52.55310809
43665,,42.3555481,,52.3555481
43666,,42.18215439,,52.18215439
43667,,42.00911089,,52.00911089
43668,,41.83579812,,51.83579812
43669,,41.66220973,,51.66220973
43670,,41.48833951,,51.48833951
43671,,41.69513367,,51.69513367
43672,,41.9016338,,51.9016338
43673,,42.10783393,,52.10783393
43674,,42.31479364,,52.31479364
43675,,42.52250717,,52.52250717
43676,,42.73096881,,52.73096881
43677,,42.94017295,,52.94017295
43678,,41.29668552,,51.29668552
43679,,42.20726296,,52.20726296
43680,,42.2000977,,52.2000977
43681,,42.19410999,,52.19410999
43682,,42.1884644,,52.1884644
43683,,42.18315582,,52.18315582
43684,,42.17817921,,52.17817921
43685,,42.31638675,,52.31638675
43686,,42.45491641,,52.45491641
43687,,39.43947767,,49.43947767
43688,,39.35768482,,49.35768482
43689,,39.27619987,,49.27619987
43690,,39.19501821,,49.19501821
43691,,39.11413532,,49.11413532
43692,,38.7954515,,48.7954515
43693,,38.47649113,,48.47649113
43694,,38.15724986,,48.15724986
43695,,37.83772346,,47.83772346
43696,,37.51790771,,47.51790771
43697,,37.19779848,,47.19779848
43698,,36.87747112,,46.87747112
43699,,37.47644542,,47.47644542
43700,,37.83233648,,47.83233648
43701,,38.18799756,,48.18799756
43702,,38.54342482,,48.54342482
43703,,38.8986145,,48.8986145
43704,,39.25356286,,49.25356286
43705,,39.60826627,,49.60826627
43706,,39.77224491,,49.77224491
43707,,39.28322252,,49.28322252
43708,,38.79394452,,48.79394452
43709,,38.30805985,,48.30805985
43710,,37.82343989,,47.82343989
43711,,37.34008129,,47.34008129
43712,,36.85762199,,46.85762199
43713,,36.75701113,,46.75701113
43714,,36.65729314,,46.65729314
43715,,36.55846487,,46.55846487
43716,,36.46052323,,46.46052323
43717,,36.36281287,,46.36281287
43718,,36.26533076,,46.26533076
43719,,36.15525345,,46.15525345
43720,,35.85492234,,45.85492234
43721,,35.55481076,,45.55481076
43722,,35.25491589,,45.25491589
43723,,34.95523493,,44.95523493
43724,,34.65459098,,44.65459098
43725,,34.35298134,,44.35298134
43726,,34.05040336,,44.05040336
43727,,33.98494965,,43.98494965
43728,,33.9185224,,43.9185224
43729,,35.76672513,,45.76672513
43730,,35.86728261,,45.86728261
43731,,35.96881599,,45.96881599
43732,,36.07132285,,46.07132285
43733,,36.17480079,,46.17480079
43734,,36.04115223,,46.04115223
43735,,35.90847009,,45.90847009
43736,,35.77675208,,45.77675208
43737,,35.64599595,,45.64599595
43738,,35.51411209,,45.51411209
43739,,35.3810983,,45.3810983
43740,,35.24723913,,45.24723913
43741,,34.92205625,,44.92205625
43742,,34.59602379,,44.59602379
43743,,34.27707619,,44.27707619
43744,,33.95727493,,43.95727493
43745,,33.63948821,,43.63948821
43746,,33.32371406,,43.32371406
43747,,33.00995056,,43.00995056
43748,,34.34879105,,44.34879105
43749,,33.84348456,,43.84348456
43750,,33.34018309,,43.34018309
43751,,32.83888484,,42.83888484
43752,,32.27755116,,42.27755116
43753,,31.71534695,,41.71534695
43754,,31.15227047,,41.15227047
43755,,31.50498669,,41.50498669
43756,,31.85682725,,41.85682725
43757,,31.36471357,,41.36471357
43758,,30.87172095,,40.87172095
43759,,30.37895671,,40.37895671
43760,,29.88641927,,39.88641927
43761,,29.39410707,,39.39410707
43762,,29.1291248,,39.1291248
43763,,28.86436472,,38.86436472
43764,,28.59982534,,38.59982534
43765,,28.33550519,,38.33550519
43766,,28.07140282,,38.07140282
43767,,27.80751682,,37.80751682
43768,,27.54384578,,37.54384578
43769,,27.13276928,,37.13276928
43770,,27.1654581,,37.1654581
43771,,27.28016489,,37.28016489
43772,,27.39508124,,37.39508124
43773,,27.51020586,,37.51020586
43774,,27.62553745,,37.62553745
43775,,27.74107477,,37.74107477
43776,,27.85681657,,37.85681657
43777,,27.73085686,,37.73085686
43778,,27.60522839,,37.60522839
43779,,27.48469186,,37.48469186
43780,,27.36448421,,37.36448421
43781,,27.24460429,,37.24460429
43782,,27.12505096,,37.12505096
43783,,27.00582311,,37.00582311
43784,,26.93168154,,36.93168154
43785,,26.85786327,,36.85786327
43786,,27.16531961,,37.16531961
43787,,27.47329282,,37.47329282
43788,,27.78178188,,37.78178188
43789,,28.09078576,,38.09078576
43790,,28.40030346,,38.40030346
43791,,28.77327517,,38.77327517
43792,,29.14675874,,39.14675874
43793,,28.93200863,,38.93200863
43794,,28.71646384,,38.71646384
43795,,28.50012344,,38.50012344
43796,,28.28298653,,38.28298653
43797,,28.0650522,,38.0650522
43798,,27.84631957,,37.84631957
43799,,27.54747341,,37.54747341
43800,,27.33247914,,37.33247914
43801,,27.11750183,,37.11750183
43802,,26.90254066,,36.90254066
43803,,26.68759479,,36.68759479
43804,,26.87569373,,36.87569373
43805,,27.06380637,,37.06380637
43806,,27.25193192,,37.25193192
43807,,27.44006962,,37.44006962
43808,,26.98361085,,36.98361085
43809,,26.52716271,,36.52716271
43810,,25.74769701,,35.74769701
43811,,25.08659092,,35.08659092
43812,,24.88335286,,34.88335286
43813,,24.68006546,,34.68006546
43814,,24.28148992,,34.28148992
43815,,23.88286367,,33.88286367
43816,,23.48418601,,33.48418601
43817,,23.08545629,,33.08545629
43818,,22.68667386,,32.68667386
43819,,22.28783806,,32.28783806
43820,,22.55436493,,32.55436493
43821,,22.9398848,,32.9398848
43822,,22.79856371,,32.79856371
43823,,22.65718678,,32.65718678
43824,,22.5157534,,32.5157534
43825,,22.374263,,32.374263
43826,,22.23271498,,32.23271498
43827,,22.09110878,,32.09110878
43828,,21.95049355,,31.95049355
43829,,21.81086875,,31.81086875
43830,,21.67067414,,31.67067414
43831,,21.52990918,,31.52990918
43832,,21.38857334,,31.38857334
43833,,21.24666611,,31.24666611
43834,,21.29983914,,31.29983914
43835,,21.37624929,,31.37624929
43836,,21.45208651,,31.45208651
43837,,21.52735034,,31.52735034
43838,,21.60204027,,31.60204027
43839,,21.67615585,,31.67615585
43840,,21.7496966,,31.7496966
43841,,21.82266205,,31.82266205
43842,,21.56171843,,31.56171843
43843,,21.30019861,,31.30019861
43844,,21.04204997,,31.04204997
43845,,20.78727208,,30.78727208
43846,,20.53270104,,30.53270104
43847,,20.27833643,,30.27833643
43848,,20.02417783,,30.02417783
43849,,19.9606358,,29.9606358
43850,,19.6734639,,29.6734639
43851,,19.38643157,,29.38643157
43852,,19.09953843,,29.09953843
43853,,18.81278408,,28.81278408
43854,,18.52616816,,28.52616816
43855,,18.2396903,,28.2396903
43856,,18.55868921,,28.55868921
43857,,18.87782546,,28.87782546
43858,,19.19709866,,29.19709866
43859,,19.51650848,,29.51650848
43860,,19.83605457,,29.83605457
43861,,20.15131102,,30.15131102
43862,,20.63593959,,30.63593959
43863,,21.12112032,,31.12112032
43864,,21.30382256,,31.30382256
43865,,21.48707632,,31.48707632
43866,,21.67088126,,31.67088126
43867,,21.54354877,,31.54354877
43868,,21.41676686,,31.41676686
43869,,21.29053522,,31.29053522
43870,,21.15621167,,31.15621167
43871,,21.02183247,,31.02183247
43872,,20.88739731,,30.88739731
43873,,20.75290591,,30.75290591
43874,,21.42788181,,31.42788181
43875,,21.89603956,,31.89603956
43876,,22.36414025,,32.36414025
43877,,22.83218361,,32.83218361
43878,,23.30016939,,33.30016939
43879,,23.76809731,,33.76809731
43880,,24.20698163,,34.20698163
43881,,23.64580759,,33.64580759
43882,,23.08670281,,33.08670281
43883,,22.52900167,,32.52900167
43884,,21.97270394,,31.97270394
43885,,21.41780939,,31.41780939
43886,,20.86431778,,30.86431778
43887,,20.31222887,,30.31222887
43888,,20.33297103,,30.33297103
43889,,20.35511545,,30.35511545
43890,,,,
43891,,20.37595889,,20.37595889
43892,,21.7304693,,21.7304693
43893,,22.30887848,,22.30887848
43894,,22.88690051,,22.88690051
43895,,23.59548757,,23.59548757
43896,,24.30368708,,24.30368708
43897,,25.01149883,,25.01149883
43898,,25.71892265,,25.71892265
43899,,26.42595833,,26.42595833
43900,,26.89451045,,26.89451045
43901,,27.36267406,,27.36267406
43902,,27.83044899,,27.83044899
43903,,28.05977494,,28.05977494
43904,,28.28874696,,28.28874696
43905,,28.51736489,,28.51736489
43906,,28.74562856,,28.74562856
43907,,28.54496636,,28.54496636
43908,,28.34394956,,28.34394956
43909,,28.142578,,28.142578
43910,,28.03608961,,28.03608961
43911,,27.92924613,,27.92924613
43912,,27.82204742,,27.82204742
43913,,27.71974154,,27.71974154
43914,,28.33182868,,28.33182868
43915,,28.94402297,,28.94402297
43916,,29.55632426,,29.55632426
43917,,30.3544467,,30.3544467
43918,,31.15267586,,31.15267586
43919,,31.95101159,,31.95101159
43920,,32.74945376,,32.74945376
43921,,32.78609747,,32.78609747
43922,,32.82284735,,32.82284735
43923,,32.75506667,,32.75506667
43924,,32.68739189,,32.68739189
43925,,32.61982289,,32.61982289
43926,,32.55235954,,32.55235954
43927,,32.39450378,,32.39450378
43928,,33.28435073,,33.28435073
43929,,34.17428121,,34.17428121
43930,,35.06429511,,35.06429511
43931,,35.95439231,,35.95439231
43932,,36.84387636,,36.84387636
43933,,37.73274713,,37.73274713
43934,,38.47814736,,38.47814736
43935,,38.17531506,,38.17531506
43936,,37.87170705,,37.87170705
43937,,37.56732323,,37.56732323
43938,,37.26216349,,37.26216349
43939,,36.95873914,,36.95873914
43940,,36.65705008,,36.65705008
43941,,36.35478642,,36.35478642
43942,,36.45670996,,36.45670996
43943,,36.55805869,,36.55805869
43944,,36.65883251,,36.65883251
43945,,36.75903135,,36.75903135
43946,,36.85865509,,36.85865509
43947,,36.95770365,,36.95770365
43948,,37.05617694,,37.05617694
43949,,37.15407487,,37.15407487
43950,,37.25139736,,37.25139736
43951,,37.34814431,,37.34814431
43952,,37.44431564,,37.44431564
43953,,37.53991126,,37.53991126
43954,,37.63614632,,37.63614632
43955,,37.73279659,,37.73279659
43956,,37.829862,,37.829862
43957,,37.92734247,,37.92734247
43958,,38.02523792,,38.02523792
43959,,38.12354828,,38.12354828
43960,,38.22227346,,38.22227346
43961,,38.27360153,,38.27360153
43962,,38.32468153,,38.32468153
43963,,38.37551338,,38.37551338
43964,,38.42609702,,38.42609702
43965,,38.47643238,,38.47643238
43966,,38.52651938,,38.52651938
43967,,38.57635797,,38.57635797
43968,,38.62607071,,38.62607071
43969,,38.67565753,,38.67565753
43970,,38.79654694,,38.79654694
43971,,38.9173103,,38.9173103
43972,,39.03794756,,39.03794756
43973,,39.15845865,,39.15845865
43974,,39.27884351,,39.27884351
43975,,39.39927452,,39.39927452
43976,,39.51975162,,39.51975162
43977,,39.16408428,,39.16408428
43978,,38.80846292,,38.80846292
43979,,38.45288748,,38.45288748
43980,,38.0973579,,38.0973579
43981,,37.74187414,,37.74187414
43982,,37.38643613,,37.38643613
43983,,38.3406489,,38.3406489
43984,,38.33462178,,38.33462178
43985,,38.32862969,,38.32862969
43986,,38.32267259,,38.32267259
43987,,38.31675042,,38.31675042
43988,,38.31086315,,38.31086315
43989,,38.30501072,,38.30501072
43990,,38.29919307,,38.29919307
43991,,38.29341018,,38.29341018
43992,,38.28633744,,38.28633744
43993,,39.44091563,,39.44091563
43994,,39.44954788,,39.44954788
43995,,39.4570095,,39.4570095
43996,,39.464555,,39.464555
43997,,39.47218435,,39.47218435
43998,,39.45079697,,39.45079697
43999,,39.42949335,,39.42949335
44000,,39.40827345,,39.40827345
44001,,39.38713723,,39.38713723
44002,,39.36608464,,39.36608464
44003,,39.34511566,,39.34511566
44004,,39.3260533,,39.3260533
44005,,39.30889752,,39.30889752
44006,,39.29220504,,39.29220504
44007,,39.27597582,,39.27597582
44008,,39.26020982,,39.26020982
44009,,39.24490701,,39.24490701
44010,,39.23006735,,39.23006735
44011,,39.59883896,,39.59883896
44012,,39.96807365,,39.96807365
44013,,39.76848568,,39.76848568
44014,,39.56936073,,39.56936073
44015,,39.37069876,,39.37069876
44016,,39.29683837,,39.29683837
44017,,39.2234409,,39.2234409
44018,,39.14997028,,39.14997028
44019,,39.07642649,,39.07642649
44020,,39.0028095,,39.0028095
44021,,38.92911928,,38.92911928
44022,,38.85535579,,38.85535579
44023,,38.68628091,,38.68628091
44024,,38.51713272,,38.51713272
44025,,38.34791117,,38.34791117
44026,,38.17861625,,38.17861625
44027,,39.45020031,,39.45020031
44028,,40.72171093,,40.72171093
44029,,40.83848144,,40.83848144
44030,,40.66946417,,40.66946417
44031,,40.5003734,,40.5003734
44032,,40.35501862,,40.35501862
44033,,40.20959028,,40.20959028
44034,,40.06347529,,40.06347529
44035,,39.91667363,,39.91667363
44036,,39.76918527,,39.76918527
44037,,40.00196257,,40.00196257
44038,,40.23405312,,40.23405312
44039,,40.46545691,,40.46545691
44040,,40.69723936,,40.69723936
44041,,40.92940044,,40.92940044
44042,,41.16194015,,41.16194015
44043,,41.39485844,,41.39485844
44044,,39.77472675,,39.77472675
44045,,40.70830693,,40.70830693
44046,,40.72379676,,40.72379676
44047,,40.74012171,,40.74012171
44048,,40.75645156,,40.75645156
44049,,40.77278629,,40.77278629
44050,,40.78912587,,40.78912587
44051,,40.94832744,,40.94832744
44052,,41.10753382,,41.10753382
44053,,38.11245928,,38.11245928
44054,,38.05072287,,38.05072287
44055,,37.98899121,,37.98899121
44056,,37.92726431,,37.92726431
44057,,37.86554213,,37.86554213
44058,,37.56572943,,37.56572943
44059,,37.26535496,,37.26535496
44060,,36.9644187,,36.9644187
44061,,36.66292063,,36.66292063
44062,,36.36086074,,36.36086074
44063,,36.05823901,,36.05823901
44064,,35.75513484,,35.75513484
44065,,36.37107203,,36.37107203
44066,,36.7436696,,36.7436696
44067,,37.11578468,,37.11578468
44068,,37.48741727,,37.48741727
44069,,37.85856734,,37.85856734
44070,,38.22923489,,38.22923489
44071,,38.59941989,,38.59941989
44072,,38.77864614,,38.77864614
44073,,38.30464091,,38.30464091
44074,,37.83015309,,37.83015309
44075,,37.35883508,,37.35883508
44076,,36.88856161,,36.88856161
44077,,36.41933267,,36.41933267
44078,,35.95078948,,35.95078948
44079,,35.8638844,,35.8638844
44080,,35.77766504,,35.77766504
44081,,35.69213139,,35.69213139
44082,,35.60728344,,35.60728344
44083,,35.52246885,,35.52246885
44084,,35.43768763,,35.43768763
44085,,35.34011924,,35.34011924
44086,,35.052108,,35.052108
44087,,34.76413008,,34.76413008
44088,,34.47618547,,34.47618547
44089,,34.18827417,,34.18827417
44090,,33.89922199,,33.89922199
44091,,33.60902893,,33.60902893
44092,,33.31769498,,33.31769498
44093,,33.26331535,,33.26331535
44094,,33.20779482,,33.20779482
44095,,35.06673942,,35.06673942
44096,,35.17787641,,35.17787641
44097,,35.28982942,,35.28982942
44098,,35.40259841,,35.40259841
44099,,35.51618339,,35.51618339
44100,,35.39248911,,35.39248911
44101,,35.2696108,,35.2696108
44102,,35.14754845,,35.14754845
44103,,35.02630205,,35.02630205
44104,,34.90378418,,34.90378418
44105,,34.77999483,,34.77999483
44106,,34.65522068,,34.65522068
44107,,34.33898552,,34.33898552
44108,,34.02176553,,34.02176553
44109,,33.71149722,,33.71149722
44110,,33.40024406,,33.40024406
44111,,33.09087625,,33.09087625
44112,,32.78339378,,32.78339378
44113,,32.47779663,,32.47779663
44114,,33.82468003,,33.82468003
44115,,33.32729491,,33.32729491
44116,,32.83179509,,32.83179509
44117,,32.33818056,,32.33818056
44118,,31.78441448,,31.78441448
44119,,31.22966348,,31.22966348
44120,,30.67392758,,30.67392758
44121,,31.03387343,,31.03387343
44122,,31.39283435,,31.39283435
44123,,30.90773342,,30.90773342
44124,,30.42164756,,30.42164756
44125,,29.93568568,,29.93568568
44126,,29.4498478,,29.4498478
44127,,28.9641339,,28.9641339
44128,,28.7056502,,28.7056502
44129,,28.44729048,,28.44729048
44130,,28.18905472,,28.18905472
44131,,27.93094291,,27.93094291
44132,,27.67295507,,27.67295507
44133,,27.41509117,,27.41509117
44134,,27.15735121,,27.15735121
44135,,26.75211615,,26.75211615
44136,,26.79055813,,26.79055813
44137,,26.91093112,,26.91093112
44138,,27.03142804,,27.03142804
44139,,27.15204887,,27.15204887
44140,,27.27279362,,27.27279362
44141,,27.39366227,,27.39366227
44142,,27.51465483,,27.51465483
44143,,27.39386652,,27.39386652
44144,,27.27333129,,27.27333129
44145,,27.15781102,,27.15781102
44146,,27.04254382,,27.04254382
44147,,26.92752967,,26.92752967
44148,,26.81276858,,26.81276858
44149,,26.69826053,,26.69826053
44150,,26.62876744,,26.62876744
44151,,26.55952738,,26.55952738
44152,,26.87149274,,26.87149274
44153,,27.18390683,,27.18390683
44154,,27.49676964,,27.49676964
44155,,27.81008117,,27.81008117
44156,,28.12384141,,28.12384141
44157,,28.50099154,,28.50099154
44158,,28.87859038,,28.87859038
44159,,28.66789334,,28.66789334
44160,,28.45634036,,28.45634036
44161,,28.24393145,,28.24393145
44162,,28.0306666,,28.0306666
44163,,27.81654581,,27.81654581
44164,,27.60156908,,27.60156908
44165,,27.30642206,,27.30642206
44166,,27.09507101,,27.09507101
44167,,26.88368187,,26.88368187
44168,,26.67225463,,26.67225463
44169,,26.46078928,,26.46078928
44170,,26.65231614,,26.65231614
44171,,26.84380489,,26.84380489
44172,,27.03525552,,27.03525552
44173,,27.22666805,,27.22666805
44174,,26.77343461,,26.77343461
44175,,26.32016305,,26.32016305
44176,,25.54382592,,25.54382592
44177,,24.88580112,,24.88580112
44178,,24.68559778,,24.68559778
44179,,24.48529923,,24.48529923
44180,,24.08966737,,24.08966737
44181,,23.6939403,,23.6939403
44182,,23.29811802,,23.29811802
44183,,22.90220051,,22.90220051
44184,,22.50618779,,22.50618779
44185,,22.11007984,,22.11007984
44186,,22.37929333,,22.37929333
44187,,22.76745922,,22.76745922
44188,,22.62874415,,22.62874415
44189,,22.48993386,,22.48993386
44190,,22.35102833,,22.35102833
44191,,22.21202756,,22.21202756
44192,,22.07293155,,22.07293155
44193,,21.9337403,,21.9337403
44194,,21.79550353,,21.79550353
44195,,21.65822123,,21.65822123
44196,,21.52033372,,21.52033372
44197,,21.38184099,,21.38184099
44198,,21.24274305,,21.24274305
44199,,21.10303988,,21.10303988
44200,,21.15838367,,21.15838367
44201,,21.23693175,,21.23693175
44202,,21.31487461,,21.31487461
44203,,21.39221224,,21.39221224
44204,,21.46894464,,21.46894464
44205,,21.54507182,,21.54507182
44206,,21.62059375,,21.62059375
44207,,21.69551046,,21.69551046
44208,,21.43648859,,21.43648859
44209,,21.17686148,,21.17686148
44210,,20.92057695,,20.92057695
44211,,20.667635,,20.667635
44212,,20.41487214,,20.41487214
44213,,20.16228838,,20.16228838
44214,,19.90988372,,19.90988372
44215,,19.84806912,,19.84806912
44216,,19.56259854,,19.56259854
44217,,19.27724182,,19.27724182
44218,,18.99199896,,18.99199896
44219,,18.70686996,,18.70686996
44220,,18.42185482,,18.42185482
44221,,18.13695353,,18.13695353
44222,,18.4575052,,18.4575052
44223,,18.77817073,,18.77817073
44224,,19.09895011,,19.09895011
44225,,19.41984334,,19.41984334
44226,,19.74085041,,19.74085041
44227,,20.05754577,,20.05754577
44228,,20.5435915,,20.5435915
44229,,21.03016796,,21.03016796
44230,,21.21424486,,21.21424486
44231,,21.39885248,,21.39885248
44232,,21.58399083,,21.58399083
44233,,21.45797159,,21.45797159
44234,,21.33248308,,21.33248308
44235,,21.2075253,,21.2075253
44236,,21.07445636,,21.07445636
44237,,20.9413128,,20.9413128
44238,,20.8080946,,20.8080946
44239,,20.67480178,,20.67480178
44240,,21.35095814,,21.35095814
44241,,21.82027851,,21.82027851
44242,,22.28952424,,22.28952424
44243,,22.75869534,,22.75869534
44244,,23.22779181,,23.22779181
44245,,23.69681364,,23.69681364
44246,,24.13677534,,24.13677534
44247,,23.57666239,,23.57666239
44248,,23.01860266,,23.01860266
44249,,22.46193078,,22.46193078
44250,,21.90664676,,21.90664676
44251,,21.35275059,,21.35275059
44252,,20.80024227,,20.80024227
44253,,20.2491218,,20.2491218
44254,,20.27081774,,20.27081774
44255,,20.29390154,,20.29390154
44256,,20.31658483,,20.31658483
44257,,21.67199262,,21.67199262
44258,,22.25128561,,22.25128561
44259,,22.8301781,,22.8301781
44260,,23.53962245,,23.53962245
44261,,24.2486663,,24.2486663
44262,,24.95730963,,24.95730963
44263,,25.66555246,,25.66555246
44264,,26.37339477,,26.37339477
44265,,26.84274133,,26.84274133
44266,,27.31168738,,27.31168738
44267,,27.78023292,,27.78023292
44268,,28.01031782,,28.01031782
44269,,28.24003734,,28.24003734
44270,,28.46939146,,28.46939146
44271,,28.69838019,,28.69838019
44272,,28.4984321,,28.4984321
44273,,28.29811862,,28.29811862
44274,,28.09743974,,28.09743974
44275,,27.99163357,,27.99163357
44276,,27.88546199,,27.88546199
44277,,27.77892503,,27.77892503
44278,,27.6772709,,27.6772709
44279,,28.28999993,,28.28999993
44280,,28.90282642,,28.90282642
44281,,29.51575036,,29.51575036
44282,,30.31448603,,30.31448603
44283,,31.11331914,,31.11331914
44284,,31.91224971,,31.91224971
44285,,32.71127772,,32.71127772
44286,,32.74849842,,32.74849842
44287,,32.78581657,,32.78581657
44288,,32.71859557,,32.71859557
44289,,32.65147201,,32.65147201
44290,,32.5844459,,32.5844459
44291,,32.51751723,,32.51751723
44292,,32.36018808,,32.36018808
44293,,33.25055367,,33.25055367
44294,,34.14099496,,34.14099496
44295,,35.03151194,,35.03151194
44296,,35.92210463,,35.92210463
44297,,36.81207666,,36.81207666
44298,,37.70142805,,37.70142805
44299,,38.44730164,,38.44730164
44300,,38.14493554,,38.14493554
44301,,37.84178668,,37.84178668
44302,,37.53785507,,37.53785507
44303,,37.23314071,,37.23314071
44304,,36.93015501,,36.93015501
44305,,36.62889797,,36.62889797
44306,,36.3270598,,36.3270598
44307,,36.42940239,,36.42940239
44308,,36.53116384,,36.53116384
44309,,36.63234416,,36.63234416
44310,,36.73294333,,36.73294333
44311,,36.83296137,,36.83296137
44312,,36.93239826,,36.93239826
44313,,37.03125402,,37.03125402
44314,,37.12952863,,37.12952863
44315,,37.2272221,,37.2272221
44316,,37.32433444,,37.32433444
44317,,37.42086563,,37.42086563
44318,,37.51681567,,37.51681567
44319,,37.61339979,,37.61339979
44320,,37.71039385,,37.71039385
44321,,37.80779786,,37.80779786
44322,,37.9056118,,37.9056118
44323,,38.00383569,,38.00383569
44324,,38.10246952,,38.10246952
44325,,38.20151329,,38.20151329
44326,,38.25315512,,38.25315512
44327,,38.30454414,,38.30454414
44328,,38.35568035,,38.35568035
44329,,38.40656374,,38.40656374
44330,,38.45719432,,38.45719432
44331,,38.50757209,,38.50757209
44332,,38.55769705,,38.55769705
44333,,38.60769182,,38.60769182
44334,,38.65755642,,38.65755642
44335,,38.77871941,,38.77871941
44336,,38.89975222,,38.89975222
44337,,39.02065484,,39.02065484
44338,,39.14142729,,39.14142729
44339,,39.26206956,,39.26206956
44340,,39.38275409,,39.38275409
44341,,39.50348088,,39.50348088
44342,,39.14805946,,39.14805946
44343,,38.79268029,,38.79268029
44344,,38.43734339,,38.43734339
44345,,38.08204875,,38.08204875
44346,,37.72679636,,37.72679636
44347,,37.37158624,,37.37158624
44348,,38.32602345,,38.32602345
44349,,38.32021737,,38.32021737
44350,,38.31444299,,38.31444299
44351,,38.30870031,,38.30870031
44352,,38.30298932,,38.30298932
44353,,38.29731003,,38.29731003
44354,,38.29166244,,38.29166244
44355,,38.28604654,,38.28604654
44356,,38.28046234,,38.28046234
44357,,38.2735853,,38.2735853
44358,,39.42835622,,39.42835622
44359,,39.43717829,,39.43717829
44360,,39.44482686,,39.44482686
44361,,39.45255649,,39.45255649
44362,,39.46036719,,39.46036719
44363,,39.43915841,,39.43915841
44364,,39.41803069,,39.41803069
44365,,39.39698404,,39.39698404
44366,,39.37601844,,39.37601844
44367,,39.35513391,,39.35513391
44368,,39.33433043,,39.33433043
44369,,39.31543108,,39.31543108
44370,,39.29843584,,39.29843584
44371,,39.28190148,,39.28190148
44372,,39.26582798,,39.26582798
44373,,39.25021536,,39.25021536
44374,,39.2350636,,39.2350636
44375,,39.22037271,,39.22037271
44376,,39.58929085,,39.58929085
44377,,39.95866985,,39.95866985
44378,,39.75922401,,39.75922401
44379,,39.56023903,,39.56023903
44380,,39.36171493,,39.36171493
44381,,39.28799032,,39.28799032
44382,,39.21472658,,39.21472658
44383,,39.14138767,,39.14138767
44384,,39.0679736,,39.0679736
44385,,38.99448437,,38.99448437
44386,,38.92091997,,38.92091997
44387,,38.8472804,,38.8472804
44388,,38.67832757,,38.67832757
44389,,38.50929958,,38.50929958
44390,,38.34019643,,38.34019643
44391,,38.17101811,,38.17101811
44392,,39.442717,,39.442717
44393,,40.71434073,,40.71434073
44394,,40.83122263,,40.83122263
44395,,40.66231507,,40.66231507
44396,,40.49333235,,40.49333235
44397,,40.34808399,,40.34808399
44398,,40.20276046,,40.20276046
44399,,40.05674869,,40.05674869
44400,,39.9100487,,39.9100487
44401,,39.76266046,,39.76266046
44402,,39.99553638,,39.99553638
44403,,40.22772406,,40.22772406
44404,,40.4592235,,40.4592235
44405,,40.69110016,,40.69110016
44406,,40.92335403,,40.92335403
44407,,41.15598512,,41.15598512
44408,,41.38899342,,41.38899342
44409,,39.76895037,,39.76895037
44410,,40.70261786,,40.70261786
44411,,40.71819367,,40.71819367
44412,,40.73460331,,40.73460331
44413,,40.75101656,,40.75101656
44414,,40.76743343,,40.76743343
44415,,40.78385392,,40.78385392
44416,,40.94313516,,40.94313516
44417,,41.10242002,,41.10242002
44418,,38.10742278,,38.10742278
44419,,38.04576248,,38.04576248
44420,,37.9841058,,37.9841058
44421,,37.92245273,,37.92245273
44422,,37.86080328,,37.86080328
44423,,37.5610622,,37.5610622
44424,,37.26075826,,37.26075826
44425,,36.95989148,,36.95989148
44426,,36.65846183,,36.65846183
44427,,36.35646933,,36.35646933
